{"cameraMode":{"drawMode":0,"name":"Shaded","section":"Shading Mode"},"sceneLighting":true,"audioPlay":false,"sceneViewState":{"m_AlwaysRefresh":false,"showFog":true,"showSkybox":true,"showFlares":true,"showImageEffects":true,"showParticleSystems":true,"showVisualEffectGraphs":true,"m_FxEnabled":true},"in2DMode":false,"pivot":{"x":-0.7942447066307068,"y":-2.7201948165893556,"z":14.156211853027344},"rotation":{"x":-0.3214656412601471,"y":0.013348705135285855,"z":-0.004530641250312328,"w":-0.946819543838501},"size":12.689756393432618,"orthographic":false}