{"cameraMode":{"drawMode":0,"name":"Shaded","section":"Shading Mode"},"sceneLighting":true,"audioPlay":false,"sceneViewState":{"m_AlwaysRefresh":false,"showFog":true,"showSkybox":true,"showFlares":true,"showImageEffects":true,"showParticleSystems":true,"showVisualEffectGraphs":true,"m_FxEnabled":true},"in2DMode":false,"pivot":{"x":-0.06324343383312226,"y":-1.6109981536865235,"z":14.968265533447266},"rotation":{"x":-0.29581448435783389,"y":-0.0037278460804373028,"z":0.0011559471022337676,"w":-0.9552402496337891},"size":12.689756393432618,"orthographic":false}